,avg_price,avg_price_5ma,avg_price_10ma,avg_price_30ma,avg_price_60ma,avg_price_100ma,avg_price_180ma,avg_price_360ma,price_chg,price_chg_5sum,price_chg_10sum,price_chg_30sum,action,pur_price,state,sample_id
0,66.78002319335937,66.39324127197264,66.47459304809571,65.39040585835775,64.22138935089112,64.78801113128662,67.44915133158365,68.34185651567248,0.5153700247454429,-0.08246068532059558,1.2976105303239902,4.175104057864754,0.0,,,0
1,67.17012100219726,66.50512161254883,66.60188362121582,65.47098841349285,64.26630180358887,64.77117971038818,67.43645564609105,68.3426948038737,0.5841534491660472,0.8449200956427316,1.9327447754352365,3.7421484533801563,0.0,,,0
2,67.45756683349609,66.75603149414061,66.72166770935058,65.56507247924804,64.3226952234904,64.7566907119751,67.43211038377551,68.34459959030151,0.4279370455346099,1.8849236044552353,1.810566494151323,4.351698911754576,0.0,,,0
3,67.79393692016602,67.12785430908204,66.79468955993651,65.66247311909994,64.38281906127929,64.73472559356689,67.42703289031982,68.34776070488824,0.4986395188254944,2.788672422686589,1.0958106199158388,4.483860981265186,0.0,,,0
4,68.0209831237793,67.4445262145996,66.92489471435547,65.75996129353841,64.45249671936035,64.7089944076538,67.42225578308106,68.35115912543402,0.33490635583039996,2.3610063941019943,1.9448352544058864,4.47282386280472,0.0,,,0
5,67.44532699584961,67.57758697509766,66.98541412353515,65.85323994954427,64.4990046564738,64.67744410705566,67.40976820203993,68.35324068069458,-0.846291984463321,0.9993443848932304,0.9168836995726357,4.316848091991076,0.0,,,0
6,66.79068984985352,67.5017007446289,67.00341117858886,65.93428164164226,64.52443751017252,64.6446118927002,67.39091119554308,68.35295909669664,-0.9706189815587574,-0.5554280458315741,0.2894920498111584,3.7909958809379747,0.0,,,0
7,66.47011108398438,67.30420959472657,67.03012054443359,66.00544766743978,64.54181022644043,64.61077575683593,67.37197486877442,68.35101572672527,-0.47997522796936476,-1.4633403193355488,0.42158328511968746,3.348790989690542,0.0,,,0
8,65.80836563110351,66.90709533691407,67.01747482299804,66.08448420206706,64.55661097208659,64.57458518981933,67.34903104146322,68.34640080134074,-0.9955534030095969,-2.95753324117064,-0.16886081848405032,3.7488370258151433,1.0,65.80836563110351,65.80836563110351,0
9,65.9213493347168,66.48716857910156,66.96584739685059,66.18061564127603,64.59465092976887,64.54624100494385,67.33175768534343,68.34267950481838,0.17168592857421672,-3.1207536684268233,-0.7597472743248281,4.550851838983272,0.0,,65.80836563110351,0
10,66.34265670776367,66.26663452148438,66.92211074829102,66.28646336873372,64.64940011342367,64.52562097930908,67.31799360911052,68.34074218114218,0.6391061125094355,-1.6353555714540668,-0.6360111865608356,4.984018758405306,0.0,,65.80836563110351,0
11,66.71992263793945,66.25248107910156,66.87709091186522,66.36428197224934,64.7158769607544,64.5227974395752,67.30325670878094,68.33937094582453,0.5686626808414141,-0.09607390905389535,-0.6515019548854686,3.6242452119566337,0.0,,65.80836563110351,0
12,66.98884658813476,66.35622817993165,66.8302188873291,66.44019220987956,64.77848472595215,64.526619140625,67.2880572213067,68.33927022298177,0.4030639418673321,0.7869652607828015,-0.6763750585527464,3.5207112194543866,0.0,,65.80836563110351,0
13,66.48606033325196,66.49176712036133,66.69943122863769,66.46324658711752,64.84716423034668,64.53072104644775,67.26792550404866,68.33946373197767,-0.7505521896414624,1.031966474150936,-1.9255667670197032,1.0967487448249713,0.0,,65.80836563110351,0
14,66.23394927978515,66.554287109375,66.52072784423828,66.48471280415852,64.92757472991943,64.53610359954834,67.24698800404867,68.33879200405543,-0.37919385237016323,0.48108669320655606,-2.6396669752202664,1.02832018157758,0.0,,65.80836563110351,0
15,66.13932037353516,66.5136198425293,66.39012718200684,66.51629486083985,65.01677739461263,64.53491803741456,67.22623356713189,68.3364636739095,-0.14287069890739357,-0.300890118210273,-1.936245689664339,1.4924083505441499,0.0,,65.80836563110351,0
16,66.96252517700195,66.56214035034179,66.40731071472166,66.5713990020752,65.09904158274333,64.54430480194092,67.20341682857936,68.33632523854574,1.244652649615352,0.3750998505636649,0.27902594150977045,2.5567589360089404,0.0,,65.80836563110351,0
17,66.03144683837891,66.37066040039062,66.36344429016114,66.5881042734782,65.16091121673584,64.54121504974366,67.16829268137614,68.3340989028083,-1.3904468748182963,-1.4184109661219635,-0.6314457053391611,0.8280946634368735,0.0,,65.80836563110351,0
18,65.47897262573242,66.16924285888672,66.33050498962402,66.57165608723957,65.2229265721639,64.5434973526001,67.132011879815,68.33055375629002,-0.836683488094303,-1.5045422645748041,-0.4725757904238672,-0.6832837258971991,1.0,65.47897262573242,65.64366912841797,0
19,65.17550582885742,65.95755416870118,66.25592063903808,66.53714716593424,65.28068571726482,64.54920736694335,67.09318683624268,68.32654283311632,-0.46345686974896827,-1.5888052819536091,-1.1077185887470522,-1.5080359090266615,1.0,65.17550582885742,65.48761469523112,0
20,64.56889419555664,65.64346893310548,66.07854438781737,66.4917493947347,65.35307037353515,64.55961022949218,67.05343520270453,68.32162770589193,-0.9307355970411213,-2.376670180087337,-2.677560298297609,-2.015960954534457,1.0,64.56889419555664,65.2579345703125,0
21,64.42488403320313,65.1359407043457,65.84904052734376,66.44267168680827,65.38796424865723,64.57810939025879,67.01532711452909,68.3163052198622,-0.2230333415922381,-3.844356171294927,-3.4692563207312612,-2.188013500181496,1.0,64.42488403320313,65.09132446289063,0
22,64.99085540771485,64.92782241821288,65.64924140930177,66.40037600199382,65.43501167297363,64.62513656616211,66.97692786322699,68.31236876593697,0.8784980881300974,-1.5754112083465333,-2.993822174468496,-1.8596307388699218,1.0,64.99085540771485,65.07457962036132,0
23,65.23967132568359,64.87996215820313,65.52460250854492,66.33957443237304,65.48504838307699,64.65901512908935,66.93806277804904,68.30908321380616,0.3828475812601928,-0.3558801389920374,-1.8604224035668406,-2.6901785506707077,1.0,65.23967132568359,65.09816414969308,0
24,65.27773818969726,64.90040863037109,65.42898139953613,66.29153465270996,65.51203570048014,64.67676880645752,66.89928504943848,68.30438307656182,0.058349257806100674,0.16592598856303153,-1.4228792933905767,-2.1177110142049593,1.0,65.27773818969726,65.1206109046936,0
25,64.54425582885742,64.89548095703125,65.26947494506837,66.21500541687013,65.526032371521,64.68789385986328,66.85398470136855,68.29661641862657,-1.1236332342097088,-0.02697164860555601,-2.403641828692892,-3.423003818784598,1.0,64.54425582885742,65.05657145182292,0
26,64.53524856567383,64.91755386352538,65.02674728393553,66.14582305908203,65.54695646921793,64.69905796051026,66.8070964135064,68.28843711005317,-0.01395517396229895,0.18210651902438313,-3.662249652270543,-3.093731660949617,1.0,64.53524856567383,65.004439163208,0
27,63.7887825012207,64.67713928222656,64.80248085021972,66.06534856160481,65.55908893585205,64.69492319488526,66.75700226253933,68.27831047270034,-1.1566796146968983,-1.8530711838026126,-3.428482392149145,-3.6383448123686213,1.0,63.7887825012207,64.89392492120916,0
28,63.6157943725586,64.35236389160156,64.61616302490235,65.98804761250814,65.5774491628011,64.68982946777345,66.70547904968262,68.26827993816799,-0.2711889487133523,-2.5071077137761577,-2.8629878527681942,-3.5044244616761144,1.0,63.6157943725586,64.78741404215495,0
29,62.952877807617185,63.88739181518555,64.39390022277831,65.87188941955566,65.58649176279704,64.67711656188965,66.64644882202148,68.25648386213514,-1.0420628579423497,-3.607519829524608,-3.4415938409615756,-5.309059704033459,1.0,62.952877807617185,64.64629587026742,0
30,128.86559143066407,126.54408020019532,124.85121582031252,131.32928314208985,135.04672983805338,140.09606463623047,140.31356974283855,136.6383566962348,1.48351226387049,2.37393117687843,2.809266553324896,-3.8015755471577566,1.0,128.86559143066407,128.86559143066407,1
31,130.22907257080078,127.3243392944336,125.49334808349609,131.17516108194988,134.8337724049886,139.94862718200685,140.2793818749322,136.65224406772188,1.0580645500473551,3.082020004684738,5.195057154023908,-3.1815114790650387,1.0,130.22907257080078,129.5473320007324,1
32,131.0362091064453,128.34378204345703,126.62076431274413,131.07792526245117,134.69591265360515,139.81832643127441,140.2514640045166,136.6688628768921,0.6197821421217053,4.009558482908759,9.082569407543707,-1.8947419838411337,1.0,131.0362091064453,130.0436243693034,1
33,131.14710235595703,129.65195526123048,127.5113931274414,130.92788075764975,134.54767623901367,139.67838723754883,140.22950868394642,136.68525515238446,0.08462794388506278,5.1524441097414275,7.097453671387988,-3.075595379330279,1.0,131.14710235595703,130.3194938659668,1
34,131.46087036132812,130.54776916503906,128.24808578491212,130.78341267903645,134.40934163411458,139.5385791015625,140.2139943101671,136.70205593532987,0.23924890427198253,3.485235804196596,5.820736251623071,-2.944327976670916,1.0,131.46087036132812,130.54776916503906,1
35,130.93146209716798,130.96094329833983,128.75251174926757,130.5415215555827,134.23021410624187,139.38806452941895,140.18850429111055,136.71761777242025,-0.4027116682743914,1.5990118720517144,3.9729430489301443,-5.10946434342742,1.0,130.93146209716798,130.61171798706053,1
36,131.88815307617188,131.29275939941405,129.30854934692383,130.30304234822592,134.05655860900882,139.24143128967285,140.1663234032525,136.73719306945802,0.7306807421839645,1.2716280641883237,4.353648068873062,-4.997022728791936,1.0,131.88815307617188,130.7940658569336,1
37,132.79917907714844,131.64535339355467,129.99456771850583,130.07516606648764,133.91987576802572,139.104273147583,140.15153329637315,136.76244203355577,0.6907565082440836,1.342602430310702,5.352160913219461,-4.732710011106259,1.0,132.79917907714844,131.04470500946044,1
38,133.29268493652344,132.07446990966795,130.86321258544922,129.79016677856444,133.79949607849122,138.97306150817872,140.14366405063205,136.78997026231553,0.3716181551757236,1.6295926416013629,6.78203675134279,-5.941776250788014,1.0,133.29268493652344,131.2944805569119,1
39,135.24294738769532,132.8308853149414,131.68932723999023,129.67151270548501,133.72237037658692,138.85544343566895,140.14699382358128,136.8200016148885,1.4631428964767546,2.853486633806135,6.338722438002731,-2.33534732348322,1.0,135.24294738769532,131.68932723999023,1
40,133.9936309814453,133.4433190917969,132.20213119506835,129.6127640279134,133.6540650177002,138.71459785461425,140.1489831797282,136.84586937798395,-0.9237571573094017,2.3324411447711246,3.931453016822839,-1.0642760415922967,1.0,133.9936309814453,131.89880939830434,1
41,133.85853881835936,133.83739624023437,132.5650778198242,129.5748038228353,133.6166577402751,138.56897026062012,140.14363699171278,136.87099807315403,-0.10081983904492997,1.5009405635422302,2.772568627730554,-0.606191797161618,1.0,133.85853881835936,132.0621201833089,1
42,133.99032897949218,134.07562622070313,132.8604898071289,129.59514775594076,133.576895014445,138.42013859558108,140.13086975945367,136.9001693005032,0.0984548033290844,0.9086388586272309,2.251241288937933,0.690311741663693,1.0,133.99032897949218,132.21044393686148,1
43,135.33236694335938,134.4835626220703,133.27901626586913,129.6256842549642,133.58820869445802,138.28708610534667,140.12629458109538,136.9351995976766,1.0015931553333246,1.538613858784832,3.168206500386195,0.9149811445808145,1.0,135.33236694335938,132.4334384373256,1
44,134.17221069335938,134.26941528320313,133.55015029907227,129.59497929890952,133.58144096374514,138.1439979095459,140.1093623436822,136.9673027250502,-0.8572644343725733,-0.7817934720644959,2.071693161741639,-0.44600757287667525,1.0,134.17221069335938,132.54935658772786,1
45,134.31570739746093,134.33383056640622,133.88857482910157,129.58775843302408,133.57014706929525,138.0041039276123,140.08603250291614,136.99704464382597,0.10694964580222344,0.2489133310471292,2.581354475818254,0.07622969592353224,1.0,134.31570739746093,132.65975351333617,1
46,135.76568298339845,134.71525939941407,134.27632781982422,129.698570505778,133.5405333709717,137.88292127990724,140.0681079864502,137.03091148376464,1.0795279375976685,1.4292611076897277,2.930201671231958,2.7100401772044393,0.0,,132.65975351333617,1
47,136.98018493652344,135.3132305908203,134.6944284057617,129.93201634724934,133.51719617207846,137.77673924255373,140.05533490498863,137.06810572306316,0.894557392145634,2.2253636965062773,3.1340025551335082,5.46543004481714,0.0,,132.65975351333617,1
48,137.6326141357422,135.77328002929687,135.12842132568358,130.20646423339844,133.4998142751058,137.68208787536622,140.05161372714574,137.10654547373454,0.4762945819653197,1.7000651231382724,3.2386789819231043,6.386136320284061,0.0,,132.65975351333617,1
49,138.1648406982422,136.57180603027342,135.4206106567383,130.54065475463867,133.49023780822753,137.58821043395994,140.04820079379613,137.1464543363783,0.3867009035918523,2.944030461102698,2.162236989038202,7.746608861439172,0.0,,132.65975351333617,1
50,139.03029174804686,137.51472290039064,135.92427673339844,130.9925412495931,133.4833386484782,137.5026768951416,140.04842058817545,137.18965796576606,0.6263902201391947,3.463471035439669,3.7123843664867984,10.45310393663453,0.0,,132.65975351333617,1
51,139.00338134765624,138.16226257324217,136.43876098632813,131.49906229654945,133.43455497741698,137.41435523986817,140.04982804192437,137.23074988047284,-0.01935578214810052,2.3645873156939,3.793848423383628,11.761474205138086,0.0,,132.65975351333617,1
52,137.59982604980468,138.28619079589845,136.79971069335937,132.09365493774413,133.35647020975748,137.3044521331787,140.03828915913903,137.2653856150309,-1.0097274499684228,0.46030247357984333,2.6856661700861206,14.019476866567757,0.0,,132.65975351333617,1
53,137.45473022460936,138.25061401367185,137.01194702148436,132.6007854715983,133.296980565389,137.19162995910642,140.02664661831326,137.29833447774251,-0.1054476806844229,-0.12143978906989927,1.5786253340683731,11.844285505842553,0.0,,132.65975351333617,1
54,138.17845153808594,138.2533361816406,137.41257110595703,133.0702690633138,133.2814113108317,137.09143110656737,140.02113561842177,137.33551336924236,0.5265161208304558,0.0183754281687043,2.9624058892714022,10.85483530263611,0.0,,132.65975351333617,1
55,139.56478271484374,138.360234375,137.9374786376953,133.52618840535482,133.30168429056803,137.00285456848144,140.0230906253391,137.37607821570504,1.003290427216652,0.3952756352461617,3.858746670685831,10.413044195434225,0.0,,132.65975351333617,1
56,140.3593322753906,138.6314245605469,138.39684356689452,133.9939069112142,133.345913772583,136.9194655303955,140.03011036343045,137.41870904286702,0.5693051965482532,0.9839366139425154,3.3485239296364155,10.632373669741431,0.0,,132.65975351333617,1
57,139.97929992675782,139.1073193359375,138.69675506591798,134.46191706339516,133.38707613627113,136.82333082580567,140.04168076409235,137.46086983998615,-0.2707567373483655,1.7229073265625727,2.183209800142416,10.669373268495384,0.0,,132.65975351333617,1
58,141.34313354492187,139.885,139.06780700683595,135.01981363932293,133.43501391092937,136.73763957214356,140.05394603305393,137.50377438439264,0.9743109294571894,2.802665936704185,2.681226147634286,12.70194188090018,0.0,,132.65975351333617,1
59,141.71292419433593,140.59189453125,139.4226153564453,135.51085108439128,133.51005149841308,136.66307191467283,140.0698636288113,137.54597406599257,0.2616261859629265,2.5377760018366557,2.55615143000536,11.05711085704629,0.0,,132.65975351333617,1
60,151.69635314941405,152.08579895019528,151.49955078125,148.41435892740887,149.572347462972,148.012208404541,144.6209705183241,142.58510657840304,-0.0552765755980511,-0.012449066390007868,2.1451879806568375,4.212216070619531,0.0,,,2
61,152.14687805175782,151.98044494628908,151.6634732055664,148.63989339192707,149.64004170735677,148.04032357788086,144.76656986660427,142.62954639434813,0.296991254562351,-0.342387581943393,1.0914818278207061,4.667833451531752,0.0,,,2
62,151.59035949707032,151.75880432128906,151.74236236572264,148.75217946370444,149.7065988667806,148.06455426025389,144.9164816623264,142.66863336775037,-0.3657771765110951,-0.7244835869465116,0.5304892722381105,2.3479245289784147,0.0,,,2
63,151.20394897460938,151.68355834960937,151.77166473388672,148.8545011393229,149.7600729370117,148.0878645019531,145.0510491519504,142.70544706980388,-0.2549044172353354,-0.246975223171908,0.20300108046232834,2.1520388600424125,0.0,,,2
64,150.6212890625,151.4517657470703,151.77139251708985,148.9911602783203,149.7884417215983,148.11425115966796,145.17191413879394,142.74274194081625,-0.3853470204056686,-0.7643139351877992,0.007775525380004922,2.855422692359008,0.0,,,2
65,150.38634033203124,151.18976318359375,151.63778106689455,149.08861460367837,149.78830235799154,148.12545803833007,145.28389895968965,142.7816404173109,-0.15598640267331376,-0.8650237622630619,-0.8774728286530697,2.0570762380571286,0.0,,,2
66,150.45073547363282,150.85053466796876,151.41548980712892,149.2752729288737,149.79027180989584,148.14649612426757,145.3917574395074,142.821610722012,0.0428198076097841,-1.1191952092156288,-1.4615827911590218,3.8710047167319375,0.0,,,2
67,149.8954284667969,150.51154846191406,151.13517639160156,149.465942586263,149.76550186157226,148.17654473876954,145.4959148067898,142.8627117453681,-0.3690955747658986,-1.1225136074704323,-1.8469971944169439,3.9683519275005876,1.0,149.8954284667969,149.8954284667969,2
68,150.12777709960938,150.29631408691407,150.9899362182617,149.60440419514973,149.7464953613281,148.21338040161135,145.59961984422472,142.9068070771959,0.15500715077776395,-0.7126020394573329,-0.9595772626292409,2.8758571798640133,1.0,150.12777709960938,150.01160278320313,2
69,149.29603576660156,150.03126342773436,150.74151458740235,149.64203002929688,149.72107650756834,148.2523466491699,145.70164525349935,142.94507477230493,-0.5540222796051597,-0.881277298656824,-1.6455912338446232,0.819284460797284,1.0,149.29603576660156,149.77308044433593,2
70,146.32863159179686,149.21972167968752,150.20474243164062,149.60544423421226,149.64822835286458,148.25768521118164,145.7818701341417,142.9740967686971,-1.9875974332257074,-2.7128883292092176,-3.5779120914722795,-0.6681651704514433,1.0,146.32863159179686,148.91196823120117,2
71,146.18643798828126,148.36686218261718,149.60869842529297,149.5367724609375,149.5565732828776,148.2879476623535,145.8562437947591,143.00388854556616,-0.09717414969906413,-2.852882286518066,-3.9720774957336946,-1.3218114478261076,1.0,146.18643798828126,148.36686218261718,2
72,148.35438842773436,148.05865417480467,149.28510131835938,149.5403392537435,149.49843861897787,148.3323182067871,145.93991992526583,143.04179198794893,1.4830038061580675,-1.0007829055940998,-2.123296513064532,0.1606571304896911,1.0,148.35438842773436,148.36478322347006,2
73,148.57146301269532,147.7473913574219,149.02185272216798,149.63577799479168,149.43373448689778,148.3750380554199,146.01396723429363,143.08048052893744,0.14632164728090036,-1.0094684090909634,-1.7220704485482963,2.0197131159915696,1.0,148.57146301269532,148.3943089076451,2
74,146.55001220703124,147.1981866455078,148.6147250366211,149.66640055338542,149.33199600219726,148.3801534423828,146.0837249077691,143.11635404374866,-1.3605915730205531,-1.8160377025063568,-2.697315001163181,0.7119430580244415,1.0,146.55001220703124,148.16377182006835,2
75,147.25298461914062,147.38305725097655,148.30138946533202,149.7155170694987,149.24723414103192,148.39826760864258,146.1581384955512,143.150887743632,0.4796808963183796,0.6512406270377302,-2.0616477021714874,1.0898919431197887,1.0,147.25298461914062,148.0625732421875,2
76,147.9340362548828,147.73257690429688,148.049719543457,149.7930800374349,149.1862538146973,148.4347815551758,146.23560353597006,143.18323664771185,0.4625044697760705,1.2109192465128649,-1.641963040005201,1.6706173779760882,1.0,147.9340362548828,148.04971954345703,2
77,150.0437042236328,148.07044006347655,148.06454711914063,149.86316141764323,149.16369160970052,148.4808088378906,146.3173331875271,143.22181388431127,1.4260869385833042,1.1540023789381015,0.15321947334400177,1.4936816317521386,1.0,150.0437042236328,148.23099087801847,2
78,149.71643981933593,148.29943542480467,148.02341339111328,149.90872406005863,149.13495315551756,148.52676736450195,146.4036900160048,143.2565261798435,-0.2181127198840005,0.7895680117732007,-0.21990039731776267,0.9995825361156143,1.0,149.71643981933593,148.35477828979492,2
79,150.85272827148438,149.1599786376953,148.17908264160155,150.03356567382812,149.12948944091795,148.60208203125,146.4955623541938,143.29079742855498,0.7589603743714646,2.9091199591652184,1.0930822566588616,2.595809083637687,0.0,,148.35477828979492,2
80,150.89818420410157,149.8890185546875,148.63603790283202,150.11344370524088,149.11122034708657,148.6738950805664,146.57963180541992,143.32386989593505,0.030132655297676614,2.4595717181445154,3.1108123451822456,1.6780882343668004,0.0,,148.35477828979492,2
81,151.44558410644532,150.591328125,149.16195251464845,150.1447080485026,149.09127014160157,148.75817562866212,146.6599951341417,143.35766501956516,0.36276109300517057,2.3598283413736154,3.5707475878864803,0.6901519199734887,0.0,,148.35477828979492,2
82,150.85075988769532,150.75273925781252,149.41158966064455,150.14635111490887,149.06308939615886,148.85334112548827,146.7334292772081,143.39252150217692,-0.39276432010848517,0.5409770826818261,1.6949794616199276,0.10217222079350297,0.0,,148.35477828979492,2
83,151.65360412597656,151.14017211914063,149.71980377197264,150.17110707600912,149.03770228068032,148.9535341491699,146.80836685180662,143.42828382280138,0.5322109340907044,1.291300736656531,2.0808687484297317,0.5617993803437606,0.0,,148.35477828979492,2
84,151.647998046875,151.29922607421878,150.22960235595704,150.2052399698893,149.0126840718587,149.0702402648926,146.87846522013348,143.46344290415445,-0.0036966342698452337,0.5286437280152212,3.4377636871804396,0.7482242113972606,0.0,,148.35477828979492,2
85,151.4203887939453,151.40366699218748,150.64634277343748,150.195171101888,148.99222376505534,149.18899124145508,146.94744859483507,143.49863831837973,-0.150090509509615,0.3484205632079296,2.807992281352445,-0.13112824947211532,0.0,,148.35477828979492,2
86,152.01419677734376,151.5173895263672,151.05435882568358,150.17318939208982,148.9962228902181,149.29105499267578,147.0275284322103,143.53290879567462,0.3921585383105164,0.3778180085132754,2.737646349886891,-0.36589948127733507,0.0,,148.35477828979492,2
87,152.31502380371094,151.8102423095703,151.28149078369142,150.1604047648112,149.023459370931,149.3804619140625,147.11008561876088,143.56836611853706,0.19789403407355355,0.9684763626953141,1.5094534453771402,-0.184324275695805,0.0,,148.35477828979492,2
88,153.50418090820312,152.18035766601562,151.6602648925781,150.22453816731772,149.10222442626954,149.4734955444336,147.19522855970595,143.60818208906386,0.780722134163625,1.2169875627682347,2.5082882994247657,1.328810639477759,0.0,,148.35477828979492,2
89,153.56433715820313,152.56362548828125,151.93142578125,150.28400767008463,149.24777445475263,149.55300079345704,147.27300386216905,143.64804724375406,0.03918867202450382,1.2598728690625838,1.788516597077805,1.2360076198920402,0.0,,148.35477828979492,2
90,93.61157836914063,93.43176361083985,93.22097671508789,92.31335723876954,91.1981990814209,88.98555854797364,86.37217660692002,79.96907517751059,0.23115845845587124,1.0266108371492444,1.0194488603270102,3.3369783541591893,0.0,,,3
91,93.7430191040039,93.59582733154298,93.30257537841797,92.39377212524414,91.27977091471354,89.09653880310057,86.44318819681804,80.03596612718371,0.1404107666521437,0.8824700629679882,0.880853193121478,2.6329137421454343,0.0,,,3
92,93.042041015625,93.47652770996095,93.30605392456054,92.44000483194988,91.34443743387857,89.19815155029296,86.5082322692871,80.10097358491686,-0.7477656417286926,-0.6356548334867429,0.04675843771815291,1.5298592899225385,0.0,,,3
93,91.5542236328125,93.0693096923828,93.14555282592774,92.44503901163738,91.38233754475912,89.28655075073242,86.5632155948215,80.16070630815294,-1.5990807666855122,-2.1832339393353495,-1.7157279299990336,0.20557139640245659,1.0,91.5542236328125,91.5542236328125,3
94,90.56542205810547,92.5032568359375,92.87225616455078,92.4418317159017,91.39759218851727,89.36141842651368,86.61253997802734,80.21684320873685,-1.0800174317164402,-3.05529461502263,-2.9451176201966467,-0.06314257299218395,1.0,90.56542205810547,91.05982284545898,3
95,90.81495819091796,91.94393280029297,92.6878482055664,92.46746017456054,91.42000297546386,89.43606718444823,86.66263019985622,80.27381130006577,0.2755313530724779,-3.0109217204060235,-1.984310883256779,0.8913269646400681,1.0,90.81495819091796,90.9782012939453,3
96,90.20927429199219,91.23718383789063,92.41650558471679,92.47145889282227,91.43846766153972,89.50068624877929,86.70882529364691,80.32886188719007,-0.6669428814276013,-3.8182753684857684,-2.93580530551778,0.17639942772821016,1.0,90.20927429199219,90.78596954345703,3
97,91.02191619873047,90.83315887451172,92.15484329223634,92.48444763183595,91.4713621266683,89.57301065063477,86.7561142900255,80.38703436957465,0.9008407540314511,-2.1696689727256246,-2.8053238062123675,0.47457015615775777,1.0,91.02191619873047,90.83315887451172,3
98,90.4533676147461,90.61298767089843,91.84114868164063,92.48270634969074,91.48846455891926,89.63277227783203,86.79745760599772,80.44447029537625,-0.6246282299122718,-1.1952164359523842,-3.3784503752877337,-0.010319797821115362,1.0,90.4533676147461,90.76986033121744,3
99,89.26858825683594,90.35362091064454,91.42843887329101,92.41958460489909,91.48920252482097,89.6723702697754,86.83236456976996,80.49854464848836,-1.3098233809893167,-1.4250223852252608,-4.480317000247891,-2.0456612433052,1.0,89.26858825683594,90.5553928920201,3
100,88.9631118774414,89.98325164794922,90.96359222412109,92.33010025024414,91.47948753356933,89.70737574768067,86.86296483357748,80.55097514894274,-0.3421991826684234,-2.042752920966162,-5.053674641372186,-2.9203198228752756,1.0,88.9631118774414,90.35635776519776,3
101,88.75865478515625,89.69312774658204,90.46515579223633,92.2291007486979,91.47733123779297,89.74016352844237,86.89113878038195,80.6031535127428,-0.2298223251979148,-1.6056323647364756,-5.423907733222244,-3.3039893290596676,1.0,88.75865478515625,90.1788352118598,3
102,89.64653930664062,89.41805236816406,90.12560562133788,92.13597010294596,91.48800229390461,89.78177891540527,86.92375598483615,80.657461482154,1.000335712200151,-1.5061374065677757,-3.6758063792934004,-3.0137838125487786,1.0,89.64653930664062,90.12560562133788,3
103,90.86640167236328,89.5006591796875,90.05682342529296,92.07585439046223,91.51103065490722,89.82821102905272,86.96502958509656,80.71639515982733,1.3607467451142385,0.47923756845873466,-0.7159788674936496,-1.9012123479920793,1.0,90.86640167236328,90.19295071688565,3
104,91.21561126708984,89.89006378173828,90.1218423461914,92.01375900268555,91.54215136210124,89.876882522583,87.01322960747612,80.77550781885783,0.384311019584227,2.1733719690322784,0.7483495838070175,-1.9578211657631326,1.0,91.21561126708984,90.27817242940267,3
105,92.04451293945313,90.50634399414062,90.24479782104493,91.97484303792316,91.5818615468343,89.9266846923828,87.06630644904241,80.83709092034233,0.9087278601205284,3.42429901182123,1.381546090855068,-1.192541062973643,1.0,92.04451293945313,90.41404477632963,3
106,92.49121856689453,91.25285675048828,90.47299224853516,91.95317581176757,91.61617599487303,89.97679598999024,87.11667243957518,80.89963153627183,0.4853147821372472,4.139436119156392,2.5338037544199166,-0.6313170235264152,0.0,,90.41404477632963,3
107,92.52252502441407,91.82805389404298,90.6230531311035,91.92344777425131,91.64459144592284,90.03143788146974,87.17141138712564,80.95964325798883,0.0338480322830792,3.1729484392393204,1.6668110326715446,-0.8907126843390043,0.0,,90.41404477632963,3
108,93.26487579345704,92.30774871826172,90.90420394897461,91.9358888244629,91.68562019348145,90.10344004821778,87.22852870517306,81.01985893037583,0.8023459896356,2.614547683760682,3.0937852522194165,0.4712066175579701,0.0,,90.41404477632963,3
109,93.65577850341796,92.79578216552734,91.34292297363281,91.96600962320964,91.73974594116211,90.18021447753907,87.2912632921007,81.08162840737236,0.41913175419501236,2.649368418371467,4.822740387403746,1.0405023043265151,0.0,,90.41404477632963,3
110,93.37799224853515,93.06247802734376,91.78441101074219,91.98965998331705,91.79278177897135,90.25524909973144,87.35417397393121,81.14262881596883,-0.2966034336820744,1.4440371245688643,4.868336136390095,0.8341103553449161,0.0,,90.41404477632963,3
111,93.4977813720703,93.2637905883789,92.2583236694336,92.00868494669595,91.84091054280599,90.3298307800293,87.41789774576823,81.20326068666246,0.12828410704774917,1.0870064494793663,5.2264425686357585,0.6833880285349894,0.0,,90.41404477632963,3
112,93.79580383300781,93.51844635009765,92.6732501220703,92.03496988932291,91.88577420552572,90.41080087280274,87.48844831678602,81.26281523386638,0.31874816339387824,1.3719065805901653,4.544855019829486,0.9158070782542351,0.0,,90.41404477632963,3
113,94.20387420654296,93.70624603271484,93.00699737548828,92.069791208903,91.93449536641438,90.50052403259276,87.56156460232205,81.32131524827744,0.435062504780781,1.0046230957353464,3.619170779496028,1.187463982003342,0.0,,90.41404477632963,3
114,94.20888824462891,93.81686798095703,93.30632507324219,92.10014119466146,91.98363945007324,90.58439678955078,87.62822546217176,81.38045827441745,0.00532253915050962,0.5908138806908436,3.240182299062311,1.0434142626726786,0.0,,90.41404477632963,3
115,94.31035766601562,94.00334106445311,93.53290954589843,92.15518519083659,92.03089274088542,90.66996487426759,87.6934991200765,81.44041094462077,0.10770684515799545,0.9951241595309135,2.439161284099778,1.8363964916980637,0.0,,90.41404477632963,3
116,94.48943939208985,94.20167266845702,93.73273162841797,92.20740982055663,92.08014055887858,90.76130690002441,87.76413444519042,81.50061061859131,0.18988553379091222,1.0567255862740765,2.143732035753443,1.7417304846555761,0.0,,90.41404477632963,3
117,94.84687652587891,94.41188720703126,93.96516677856445,92.2476877339681,92.13822486877442,90.85381129455565,87.83843438890246,81.56251130845813,0.378282627231874,1.1162600501120723,2.4881666307022376,1.3496538571614116,0.0,,90.41404477632963,3
118,94.11885833740234,94.39488403320313,94.05056503295899,92.26530588785808,92.1925846862793,90.94326818847657,87.90761190626357,81.62152475992839,-0.7675721279845504,-0.08637458265325915,0.9182485130820872,0.6335833900137668,0.0,,90.41404477632963,3
119,95.58036041259766,94.66917846679686,94.24302322387696,92.3381283569336,92.2749792734782,91.05521566772461,87.9833900366889,81.68638747321235,1.5528259702811464,1.4611288484773777,2.0519427291682213,2.394366116324073,0.0,,90.41404477632963,3
120,53.57089767456055,53.23585174560547,53.308141021728524,52.492969538370765,52.05260309855144,50.38611298370361,46.83654577679104,47.44801496505737,1.3642364865014134,0.10052085081223305,-0.06745984665656923,0.6939851055250488,1.0,53.57089767456055,53.57089767456055,4
121,53.76654205322266,53.297786407470696,53.312979202270505,52.510802637736006,52.1177528889974,50.49456433105468,46.9263117175632,47.42688076866998,0.36520645939261964,0.6069223592412327,0.13810735518049544,1.1352047460352197,1.0,53.76654205322266,53.6687198638916,4
122,53.5864013671875,53.28384017944336,53.29624443054199,52.53451632181803,52.173850847880054,50.59536372375488,47.01292724609375,47.40598308351304,-0.3350423500489197,-0.10087613629457248,-0.26318602898006604,1.469987403436309,1.0,53.5864013671875,53.64128036499023,4
123,53.77611465454102,53.50997116088867,53.363904037475585,52.5648014831543,52.22624137878418,50.68653031158448,47.10503487481011,47.386199955410426,0.3540325204030026,2.136767283331928,1.3079346209215479,1.8380738842366982,1.0,53.77611465454102,53.67498893737793,4
124,53.65289840698242,53.670570831298825,53.449366912841796,52.593306172688806,52.27150527954101,50.77127080535889,47.18830810970731,47.36772273381551,-0.22912820747675866,1.5193049087713546,1.6461353458180126,1.7409776709560751,1.0,53.65289840698242,53.670570831298825,4
125,53.115929412841794,53.579577178955084,53.407714462280275,52.62249125162761,52.30824174245198,50.848849708557125,47.26762755923801,47.34876775317722,-1.0008201049409582,-0.845751682671017,-0.7452308318587777,1.795847618640952,1.0,53.115929412841794,53.57813059488932,4
126,53.10677947998047,53.44762466430664,53.37270553588868,52.66258740743001,52.33770099639893,50.92207147979737,47.34796083662245,47.32911220550537,-0.017226344267096128,-1.2281844863307327,-0.6212621270894938,2.422725045833548,1.0,53.10677947998047,53.51079472133092,4
127,53.537662506103516,53.43787689208985,53.3608585357666,52.75123095194498,52.363807907104494,50.996787010192875,47.42627485911051,47.31091703202989,0.8113522046379718,-0.0817899316438413,-0.18266606793840756,5.209918637883478,1.0,53.537662506103516,53.51415319442749,4
128,53.69654159545898,53.42196228027343,53.46596672058105,52.83310686747233,52.38799538930257,51.0732434463501,47.5074706141154,47.294238950941306,0.2967613487745213,-0.13906110327232257,1.9977061800596116,4.795359916153992,1.0,53.69654159545898,53.53441857231988,4
129,54.10386428833008,53.51215545654297,53.5913631439209,52.94897417704264,52.41862548828124,51.14611421966552,47.59835724300808,47.279785764482284,0.7585641100311458,0.8486312142355819,2.3679361230069427,6.7491152275195825,1.0,54.10386428833008,53.5913631439209,4
130,53.99339370727539,53.68764831542968,53.63361274719239,53.069943033854166,52.4520799891154,51.21426502990723,47.68683253394233,47.2650339825948,-0.20418242302614464,1.6452688961503954,0.7995172134793846,7.065430957801496,1.0,53.99339370727539,53.62791137695312,4
131,54.135834503173825,53.89345932006836,53.670541992187495,53.19491096496582,52.48109090169271,51.28124516296387,47.77540235731337,47.25379176669651,0.26381152603720537,1.926306766454697,0.6981222801239704,7.284630418542767,1.0,54.135834503173825,53.67023830413819,4
132,53.55885238647461,53.897697296142574,53.667787094116214,53.28289848327636,52.50357460021973,51.34332696533203,47.85143282572428,47.23894132614135,-1.0658044195575922,0.049150142259132945,-0.032639789384702134,5.162139915367687,1.0,53.55885238647461,53.6616701566256,4
133,53.67934951782227,53.89425888061523,53.65811058044434,53.358306350708,52.54179466247558,51.408316627502444,47.92685187021892,47.22129446665446,0.22498079398372006,-0.02263041253166831,-0.16169151580398466,4.409323738264034,1.0,53.67934951782227,53.66293296813965,4
134,54.243509674072264,53.922187957763676,53.71717170715332,53.44430486043294,52.597492383321125,51.47212227630615,48.00663341522217,47.20438556459215,1.0509817300649038,0.26978720750208973,1.1184184217376778,4.981008069660794,1.0,54.243509674072264,53.70163808186849,4
135,54.267967224121094,53.97710266113281,53.83237548828125,53.49758694966634,52.64451960245768,51.53644486999512,48.09058578491211,47.187059968312575,0.045088435825380024,0.5190580663536144,2.164326962504016,3.0789788965221963,1.0,54.267967224121094,53.737033653259275,4
136,54.43861694335938,54.03765914916992,53.965559234619136,53.54798385620118,52.68899810791015,51.59641370391845,48.17441678788928,47.169567320081924,0.31445754828722805,0.5697040886036371,2.49601085505834,2.905098454150675,0.0,,53.737033653259275,4
137,54.701394653320314,54.26616760253906,54.08193244934082,53.5953773244222,52.74239050547282,51.656947151184085,48.25150135464138,47.15057053248087,0.48270460330457343,2.1182131114658027,2.167363253724942,2.721068130875178,0.0,,53.737033653259275,4
138,54.870687103271486,54.50443511962891,54.19934700012207,53.66085985819499,52.81379797617594,51.71874501037597,48.328573519388826,47.1343026330736,0.309484705141605,2.2027170226236876,2.1800866100920255,3.731345601783039,0.0,,53.737033653259275,4
139,54.86655502319336,54.62904418945313,54.2756160736084,53.72709487915039,52.89899801890055,51.78169998931885,48.4078838857015,47.11919108072917,-0.007530578340220195,1.1442047142185636,1.4139919217206596,3.7742943433683416,0.0,,53.737033653259275,4
140,54.67533187866211,54.71051712036133,54.34380989074707,53.761854553222655,52.97104053497314,51.83830990600586,48.48650165557861,47.10468264897664,-0.3485240588741445,0.7505922195190391,1.2696502858726597,2.001707652695469,0.0,,53.737033653259275,4
141,54.454996490478514,54.71379302978515,54.37572608947754,53.78641576131186,53.024527066548664,51.894007926940915,48.559484820895726,47.08864683363173,-0.40298866163733793,0.033146009594473114,0.6028500981981164,1.439079733502576,0.0,,53.737033653259275,4
142,54.92262649536133,54.75803939819336,54.51210350036621,53.825378341674806,53.084186782836916,51.95839530944824,48.63281014760335,47.071020136939154,0.8587458176855911,0.4091872239754908,2.5274003354412997,2.2315745170765253,0.0,,53.737033653259275,4
143,55.18411560058594,54.82072509765625,54.66258010864258,53.89486490885417,53.139282417297366,52.02340001678467,48.71439769744873,47.05465775171916,0.4761045163174993,0.5758070351513851,2.778524057775079,3.924767162892636,0.0,,53.737033653259275,4
144,55.34102096557617,54.91561828613281,54.77233123779297,53.979623285929364,53.19363803863526,52.08579579925537,48.797702632480195,47.03973008473714,0.2843306688574687,0.867668282349074,2.011872996567644,4.776426764123328,0.0,,53.737033653259275,4
145,55.447733306884764,55.070098571777336,54.890307846069334,54.04346593221029,53.243737894694014,52.15130861663818,48.879503614637585,47.026405836741134,0.19282683883798946,1.409019180061208,2.1596113995802533,3.5787075302254854,0.0,,53.737033653259275,4
146,55.63238296508789,55.30557586669922,55.00968444824218,54.11598307291667,53.300249277750645,52.23079401397705,48.962176950242785,47.011164855957034,0.3330157017982227,2.1450235434967686,2.178169553091248,4.052918281060088,0.0,,53.737033653259275,4
147,55.89928436279297,55.50090744018555,55.12947341918946,54.19075480143229,53.34758440653483,52.31075872802734,49.0419826719496,46.99537510977851,0.47975906024477766,1.7660367860559552,2.175224010031452,4.15992119581798,0.0,,53.737033653259275,4
148,55.35650100708008,55.535384521484374,55.17805480957031,54.28112284342448,53.383565521240236,52.38300953674316,49.12008096059163,46.9794644165039,-0.9710023337511142,0.31892993598734165,0.894736971138733,5.0725297612903635,0.0,,53.737033653259275,4
149,55.627610778808595,55.59270248413086,55.25416038513184,54.373713200887046,53.42836045583089,52.451885597229,49.200922626919215,46.96298959520128,0.4897523629498357,0.5243516300797086,1.3920199124287889,5.173947957156385,0.0,,53.737033653259275,4
150,64.1006706237793,63.07316207885742,62.94654953002929,63.05237284342448,63.69381357828776,66.0093482284546,68.19429008907741,68.34267297108968,2.7084443197103347,0.6628103001356189,6.363979795335163,0.5595466815193184,,,-9999.0,0
151,64.75264434814453,63.36773040771485,63.18868881225586,63.0616151936849,63.6563197072347,65.94011817169189,68.14598672654894,68.34314194361369,1.0171090536506444,2.346517723983732,3.8851847871498544,0.6923496461179734,,,-9999.0,0
152,64.63504486083984,63.68257247924805,63.4353923034668,63.080317967732746,63.62345918019613,65.88141331481934,68.09715156555175,68.34267613093058,-0.18161341283980947,2.5109360484872556,3.9654650041542348,1.1333184333004342,,,-9999.0,0
153,64.87191772460938,64.15411987304688,63.698837203979494,63.103165003458656,63.60339331309001,65.83463291931153,68.05200869666206,68.34193418502808,0.3664774493148837,3.7442807885150198,4.220214941507207,1.3241472875415217,,,-9999.0,0
154,65.096337890625,64.6913230895996,63.842621078491206,63.1450321451823,63.59340404510498,65.79541721343995,68.00558895111084,68.34245773527358,0.34594347429086625,4.25636088412692,2.2829189858169516,2.209429996772261,,,-9999.0,0
155,64.64696731567383,64.80058242797853,63.936872253417974,63.14476936340331,63.566555557250986,65.7576900100708,67.95945275624594,68.34227257410684,-0.6903162136496777,0.8576003507669072,1.520410650902527,0.24323188951885788,,,-9999.0,0
156,64.35943908691407,64.72194137573243,64.04483589172364,63.1145933787028,63.53881539662679,65.70565866088867,67.91172518412273,68.34120764414469,-0.4447667705056557,-0.6042754733893929,1.74224225059434,-1.1448018619365508,,,-9999.0,0
157,64.33513031005859,64.66195846557618,64.1722654724121,63.078172785441076,63.50539386749267,65.64825550079345,67.8698221037123,68.34073332892525,-0.03777033672193175,-0.4604323972715152,2.0505036512157413,-1.4323694603457615,,,-9999.0,0
158,63.437269592285155,64.37502883911132,64.26457435607911,63.028737742106124,63.475169321695965,65.59202227783203,67.82415703667536,68.33887893252903,-1.3955994391341986,-2.2225092857205975,1.5217715027944232,-2.0524153610343543,,,-9999.0,0
159,63.03740615844727,63.96324249267578,64.32728279113769,63.008686218261715,63.44905101776123,65.5323731918335,67.78453681521945,68.33569298002455,-0.6303288845939115,-3.198781644605375,1.0575792395215453,-0.7089877993535221,,,-9999.0,0
160,63.1672248840332,63.66729400634765,64.23393821716309,63.012336858113606,63.44302796681722,65.4824203491211,67.75049237145318,68.33176462597316,0.20593919308740105,-2.3025262378682965,-1.4449258871013884,0.410301108316824,,,-9999.0,0
161,64.3853645324707,63.672479095458996,64.19721023559569,63.06747194925944,63.473201243082684,65.44509701538087,67.72300592210557,68.32994380315145,1.9284362272900868,0.07067675992744604,-0.533598713461946,2.8563487628182616,,,-9999.0,0
162,64.71153945922852,63.74776092529297,64.20485969543458,63.116777242024746,63.54692460378011,65.41963316345215,67.69734697553848,68.32902239481608,0.5065979343695792,0.615045031018957,0.15461263374744272,2.5641926717873353,,,-9999.0,0
163,65.79442901611328,64.2191928100586,64.29711082458496,63.23108187357584,63.612634836832676,65.39726733398439,67.68071004231771,68.33107440100777,1.6734102849879529,3.6840547551411085,1.461545469420512,5.608879188060478,,,-9999.0,0
164,65.58996276855468,64.72970413208009,64.34647331237792,63.370436655680344,63.647428042093914,65.38012706756592,67.65932075924344,68.33288520177206,-0.3107652891227719,4.003618350612248,0.8048367060068737,6.830970978722939,,,-9999.0,0
165,65.19185867309571,65.13463088989258,64.40096244812011,63.517259928385414,63.67676317850749,65.35925399017334,67.64108235677084,68.3330696635776,-0.6069588678739635,3.1907202896508835,0.8881940517825879,7.237146306950781,,,-9999.0,0
166,65.30940093994141,65.31943817138674,64.49595863342284,63.62668416341146,63.708272552490236,65.32267469787597,67.62365627712673,68.3326204639011,0.1803020641505615,1.4425861265113582,1.5132628864388051,5.37834441035443,,,-9999.0,0
167,65.53028869628906,65.48318801879883,64.6154744720459,63.733718159993494,63.73040637969971,65.2839206085205,67.60293922848172,68.33165371576945,0.3382173977537706,1.2742055898955496,1.8892506209145075,5.244837481585662,,,-9999.0,0
168,65.97241821289063,65.5187858581543,64.86898933410644,63.87419705708822,63.761193898518876,65.24227770233155,67.57862819671631,68.33136339187622,0.6746949012397696,0.2754902061473663,3.9595449612884757,6.820084506745494,,,-9999.0,0
169,66.21077346801758,65.64294799804688,65.18632606506348,64.02422426859538,63.79430398305257,65.20632107543946,67.56259729597303,68.33216927634345,0.36129531338049414,0.9475508086506323,4.951169159262881,7.2592549736220535,,,-9999.0,0
170,65.93082733154297,65.79074172973633,65.46268630981446,64.21439135233561,63.79862045288086,65.17316606903077,67.54931229485406,68.33174189885457,-0.4228105515333258,1.13169912499127,4.322419414642154,9.241473322875926,,,-9999.0,0
171,65.8972152709961,65.90830459594727,65.61387138366699,64.33325681050619,63.80350135803222,65.13185033416748,67.53242169698079,68.3309540939331,-0.05098079594519911,0.9004162648955094,2.3430023914068685,5.694588465094775,,,-9999.0,0
172,66.25972595214844,66.05419204711913,65.76869003295899,64.46964734395345,63.84361146291097,65.08628575134277,67.52286579555935,68.3306471379598,0.5501153268185233,1.112314193960262,2.3865197838558125,6.506597421757487,,,-9999.0,0
173,67.06371841430663,66.27245208740234,65.89561897277831,64.63052233378093,63.90613636016845,65.04287295532227,67.52337857988147,68.33300658543905,1.2133953930609787,1.6510146857814711,1.9265048919288383,7.6082653028565534,,,-9999.0,0
174,66.71893157958985,66.3740837097168,66.00851585388185,64.73253674825033,63.96595945994059,64.9924603805542,67.52611615922716,68.33609886805218,-0.5141182786596477,0.7756010937413294,1.7231519023919626,4.810907594215785,,,-9999.0,0
175,66.84013290405274,66.55594482421876,66.17334327697753,64.83705932617187,64.02750516255698,64.95219270324708,67.51890738593208,68.34043838500976,0.18165957036992975,1.380071215644585,2.511770340635856,4.920375043320968,,,-9999.0,0
176,66.6107192993164,66.6986456298828,66.30347511291504,64.94808987935384,64.0836375172933,64.90824743652344,67.50983008914524,68.34227870517307,-0.34322733179728004,1.087824679792504,1.9882409446880143,5.243746081721157,,,-9999.0,0
177,66.20301742553711,66.68730392456055,66.37074798583986,65.05282931009928,64.11849394480387,64.86799983978271,67.49810151841906,68.34233488082886,-0.6120664632778938,-0.07435711030391312,1.0379570836563499,4.977711355786596,,,-9999.0,0
178,65.93482284545898,66.46152481079102,66.36698844909668,65.16685071309408,64.13936374664307,64.83016986846924,67.48051759931776,68.34208608203464,-0.40510929940585916,-1.692861802770751,-0.0418471169892789,5.439469347093617,,,-9999.0,0
179,66.4376235961914,66.40526321411133,66.38967346191406,65.3010941060384,64.17355916341145,64.80748857879638,67.46474684821236,68.34200192557441,0.7625723844149945,-0.41617113969610875,0.3594299540452215,6.368178352829645,,,-9999.0,0
180,134.26465454101563,137.03146240234378,138.78577453613283,138.7641765340169,143.4926663208008,143.71563522338866,141.15088458591038,136.0316022321913,-2.147073858717985,-2.9651067261482256,-3.7233190010385497,-8.223135828917918,,,-9999.0,1
181,134.852734375,136.46089660644532,138.0780078125,138.49238372802736,143.26652359008787,143.67525329589844,141.12693318684896,136.06188698238796,0.4380004819546368,-2.062452834462869,-5.068224901272256,-5.707689300478394,,,-9999.0,1
182,133.95328369140626,135.7496417236328,137.24484497070313,138.31390004475912,143.01785339355467,143.62092126464842,141.0877448187934,136.09176517486574,-0.6669873531021997,-2.58710370946732,-5.98498995810961,-3.788274017801488,,,-9999.0,1
183,135.6484375,135.1859558105469,136.70727783203125,138.16747172037762,142.80136708577476,143.5785983276367,141.05407999674478,136.12650396558973,1.2654813393742081,-2.017798674598914,-3.8333969404380834,-3.049319601245884,,,-9999.0,1
184,135.79491271972657,134.90280456542968,136.37550842285157,138.03527058919272,142.58993179321288,143.52729779052734,141.0234723239475,136.1612443033854,0.10798150161261955,-1.0025978888787201,-2.3699719687087617,-2.7411538670300915,,,-9999.0,1
185,138.18819580078124,135.6875128173828,136.35948760986327,137.91890665690104,142.42131663004557,143.4856385498047,141.01079266018337,136.20169705284965,1.7624246984821124,2.906900668321377,-0.0582060578268484,-2.3511920490328055,,,-9999.0,1
186,139.042529296875,136.52547180175782,136.49318420410157,137.81007486979166,142.27395965576173,143.4464391784668,141.00543602837456,136.24655747731526,0.6182391275484811,3.0871393139152215,1.0246864794523525,-2.176468640849397,,,-9999.0,1
187,139.63546752929688,137.66190856933594,136.70577514648437,137.7645854695638,142.14124430338543,143.42160745239258,141.0027887641059,136.29161334143745,0.4264437905584062,4.180570457575827,1.5934667481085074,-0.8313568032644079,,,-9999.0,1
188,141.84266357421876,138.9007537841797,137.0433547973633,137.808825378418,142.05365951538084,143.41076428222655,141.02069905598958,136.34406924777562,1.580684394857479,4.495773513059098,2.477974838460184,1.0930741969219362,,,-9999.0,1
189,138.8025695800781,139.50228515625,137.20254486083985,137.7732280476888,141.9078259277344,143.36674911499023,141.02275549994573,136.38815333896213,-2.14328603082804,2.2445059806184386,1.2419080917397185,-0.5912041363305618,,,-9999.0,1
190,135.75609130859374,139.0158642578125,137.35168853759768,137.69536600748697,141.71070002237954,143.29304638671877,141.00704615275066,136.42285264333088,-2.1948284392003248,-1.7127471570639985,1.1941535112573787,-1.5144727249593513,,,-9999.0,1
191,134.99734497070312,138.2068273925781,137.36614959716798,137.65851165771483,141.49672999064126,143.21012133789063,141.0045344204373,136.4556550004747,-0.5589040834756087,-2.8898903680880883,0.19724894582713315,-0.6330488135286281,,,-9999.0,1
192,133.38001098632813,136.95573608398436,137.30882232666016,137.5586422729492,141.24322789510092,143.1055346069336,141.00699053446453,136.48630862765842,-1.1980487354962266,-4.514382894142721,-0.33381243656689374,-2.031766979284436,,,-9999.0,1
193,134.41627197265626,135.47045776367187,137.1856057739258,137.55073313395184,141.00454996744793,143.01345590209962,141.00763428582087,136.51895557827422,0.7769237524162032,-5.318143536583997,-0.8223700235248987,0.00824207992678705,,,-9999.0,1
194,135.093359375,134.72861572265623,137.11545043945313,137.56790262858073,140.7861336771647,142.9297424621582,141.0146737331814,136.55271439022488,0.5037242830849165,-2.6711332226710405,-0.42662724205260183,0.5678665666094731,,,-9999.0,1
195,134.53233337402344,134.48386413574218,136.74986419677734,137.5525357055664,140.55463195800783,142.8402814025879,141.024977968004,136.5852803675334,-0.41528762299798405,-0.8915924064686997,-2.6043395635326982,-0.1558412154007791,,,-9999.0,1
196,132.44132080078126,133.9726593017578,136.08974334716797,137.3824962361654,140.28368336995442,142.72398190307618,141.01695242140028,136.60950387742784,-1.5542825436832386,-1.8869708666763296,-4.776861234764418,-3.5984863984991375,,,-9999.0,1
197,129.9768096923828,133.29201904296875,135.12387756347658,137.10237599690757,139.95675069173177,142.577759765625,141.00538510640462,136.62627773708766,-1.8608324754670669,-2.54975460664717,-7.064137500789891,-6.06852108968752,,,-9999.0,1
198,129.39917755126953,132.2886001586914,133.87952896118165,136.79316431681315,139.6148660024007,142.4227176361084,140.98912888420955,136.6401286655002,-0.4444116935016007,-3.7710900525649738,-9.089233589148972,-6.7261935108695186,,,-9999.0,1
199,128.13912506103514,130.89775329589844,132.81318450927733,136.4398208618164,139.2643565877279,142.26183932495118,140.96243977864586,136.64996278127035,-0.9737716375632588,-5.2485859732131495,-7.9197191958841895,-7.746044480365857,,,-9999.0,1
200,125.47369689941407,129.08602600097657,131.78494506835938,135.9741360473633,138.8689101155599,142.08451284790038,140.90822135077582,136.65265697479248,-2.080104855056164,-6.9134032052713295,-7.804995611740029,-10.334161101521204,,,-9999.0,1
201,123.80774993896485,127.35931182861327,130.66598556518554,135.3700476582845,138.45176907857257,141.88682801818848,140.85628844367133,136.64891135745577,-1.3277260506516564,-6.686846712239747,-8.573817578916076,-13.444793534361201,,,-9999.0,1
202,119.76204681396484,125.31635925292969,129.30418914794922,134.61928548177085,137.96632400512695,141.64866928100585,140.78091717190213,136.63312505510117,-3.2677301113980928,-8.093744348170773,-10.643498954817943,-16.96230134949445,,,-9999.0,1
203,122.24081420898438,123.88468658447266,128.08664337158203,133.99317565917968,137.53338795979818,141.43404318237305,140.7109907192654,136.62491799672446,2.069743680040781,-5.5795889746283915,-9.350679027193364,-14.006445991156351,,,-9999.0,1
204,124.0939437866211,123.07565032958985,126.98670181274414,133.4925535583496,137.12247179667156,141.22847682189942,140.65331094529893,136.62172554439968,1.5159663240368992,-3.0898510130282335,-8.338436986241382,-11.13503619700275,,,-9999.0,1
205,125.88720245361328,123.1583514404297,126.12218872070314,133.07718017578125,136.74727696736653,141.03522833251952,140.60002565171985,136.62216308169897,1.4450815344185353,0.43533537644646625,-6.478067828824862,-9.140613450184413,,,-9999.0,1
206,126.32777709960938,123.6623568725586,125.51083435058595,132.69792063395184,136.37475494384765,140.84295303344726,140.549242638482,136.62389891730413,0.3499757222410471,2.1130371493391698,-4.573809562900577,-8.325984318212646,,,-9999.0,1
207,125.93899536132812,124.89774658203126,125.10705291748047,132.31223520914713,136.01569666544597,140.64413601684572,140.49252292209204,136.6252634133233,-0.3077563361023161,5.073010924634946,-3.0207334235358263,-8.491404176217213,,,-9999.0,1
208,124.60623626708984,125.37083099365233,124.6277587890625,131.8502141825358,135.64934878031414,140.4318215484619,140.4207850731744,136.62381256103515,-1.0582576829476054,1.9450095616465601,-3.634579412981831,-10.24583816367062,,,-9999.0,1
209,126.98180084228515,125.94840240478516,124.51202636718752,131.5092519124349,135.332977142334,140.25299182128907,140.35984498765734,136.62868572235107,1.9064572098168142,2.335500447426475,-0.754350565601758,-7.4321616697462325,,,-9999.0,1
210,145.61182250976563,148.33530395507813,150.58346496582033,150.73033599853517,147.85483881632487,147.19510437011718,142.0015641360813,141.58347471872963,0.5388937816019235,-4.669470935452535,-4.237994547626,-2.317932285736893,,,-9999.0,2
211,145.38084411621094,147.05662292480469,149.85728973388672,150.64019002278647,147.89184967041015,147.21095986938477,142.04529350280762,141.60998503367105,-0.15862612634987006,-4.255696576145729,-4.823127769517221,-1.774263103371779,,,-9999.0,2
212,148.22177734375,146.5648114013672,149.42530700683594,150.66101826985675,147.96359039306643,147.25078704833984,142.0994874487983,141.64015867021348,1.9541317460422425,-1.5811433410055975,-2.80283374397543,0.5096067798441042,,,-9999.0,2
213,148.1342987060547,146.436015625,148.92105377197265,150.66564473470052,148.0275040690104,147.2863170776367,142.1601742808024,141.6667110909356,-0.05901874829933318,-0.3775215062871262,-3.2782808116411766,0.18054526758880218,,,-9999.0,2
214,146.52151489257812,146.77405151367188,148.25829620361327,150.58572316487633,148.0355547587077,147.31211209106445,142.2282679494222,141.6895762676663,-1.0887308527222639,1.1866498002726988,-4.348901563557317,-1.532297262076424,,,-9999.0,2
215,147.46271057128905,147.14422912597655,147.73976654052734,150.4879901123047,148.0692404683431,147.34041262817382,142.29832337273493,141.71262827979194,0.6423600516285655,1.2901160702993408,-3.3793548651531946,-1.8807701841511402,,,-9999.0,2
216,144.85098571777343,147.03825744628907,147.04744018554686,150.30527069091798,148.07871287027996,147.35513565063476,142.3588661617703,141.72330549028186,-1.7711086710650248,-0.3223664744158139,-4.578063050561543,-3.6105650401848464,,,-9999.0,2
217,144.1753387451172,146.2289697265625,146.39689056396483,150.0650611368815,148.05761891682943,147.380271484375,142.40623783535426,141.73015891604956,-0.46644278553454877,-2.742941005992605,-4.324084346998203,-4.774832002000432,,,-9999.0,2
218,145.97392883300782,145.79689575195312,146.11645568847658,149.88858652750653,148.07184127807616,147.4124682312012,142.46278792487252,141.74313012441,1.2475018984143382,-1.4364203592789337,-1.81394186556606,-3.452381607242064,,,-9999.0,2
219,148.1672607421875,146.126044921875,146.45004821777343,149.80012298583986,148.1526079305013,147.47109329223633,142.51822717454698,141.7645099173652,1.5025504394615696,1.1548609329048998,2.3415107331775986,-1.6543293906401222,,,-9999.0,2
220,147.42620544433595,146.11874389648438,146.63148651123046,149.69101247151693,148.2144300333659,147.51957073974611,142.564803153144,141.78511959075928,-0.50014780197698,0.012353079299354253,1.302469149598695,-2.0738213267396364,,,-9999.0,2
221,148.24659118652343,146.79786499023436,146.9180612182617,149.57637410481772,148.30158106486002,147.5661967163086,142.61264272901747,141.80771574656168,0.5564721276756002,2.339933878039979,2.0175674036241653,-2.171778163241703,,,-9999.0,2
222,148.24738464355468,147.61227416992188,146.92062194824217,149.45653798421225,148.41680063883462,147.59742517089842,142.648224512736,141.8344617843628,0.0005352278422687817,2.8069118914167968,0.0639708854241916,-2.274565813317001,,,-9999.0,2
223,145.70830078125,147.5591485595703,146.6780221557617,149.2316909790039,148.4847006225586,147.6013821105957,142.68658968607585,141.8546725930108,-1.712734338220978,-0.15332434521851956,-1.5897447044974533,-4.389850691435485,,,-9999.0,2
224,145.63133544921874,147.05196350097657,146.5890042114258,148.9975914510091,148.57893310546874,147.59929321289061,142.74145215352377,141.87424915313719,-0.05282151505342503,-1.7086962997335142,-0.5538353668286145,-4.574259919460191,,,-9999.0,2
225,145.77948913574218,146.72262023925782,146.42068206787107,148.7789512125651,148.6828364054362,147.598266998291,142.80135295444063,141.90294368743898,0.10173201122303244,-1.1068164865335017,-1.0944634072341475,-4.2657699223938845,,,-9999.0,2
226,145.60714721679688,146.19473144531247,146.49629821777344,148.57942759195964,148.74615849812827,147.58832778930665,142.86928148905434,141.93813601175944,-0.11822096508022906,-1.781509579289331,0.5584242987506483,-3.8943973224311677,,,-9999.0,2
227,147.9412628173828,146.13350708007812,146.87289062500003,148.46422180175784,148.822274017334,147.6010185546875,142.94442032708062,141.97602730645076,1.6030226848072537,-0.179022122324346,2.6278897690924508,-2.1624640036450957,,,-9999.0,2
228,148.349560546875,146.66175903320314,147.1104537963867,148.36118225097655,148.89141972859701,147.62343157958986,143.0180658891466,142.016369811164,0.2759863757525238,1.809698591649156,1.6563742464306364,-1.9150848142951569,,,-9999.0,2
229,147.10747985839845,146.95698791503906,147.00447570800782,148.2254132080078,148.91631418863932,147.62971017456056,143.08792781405978,142.0564528910319,-0.8372661731506081,1.0252539335519728,-0.6834423661815414,-2.5805373059332424,,,-9999.0,2
230,148.50184326171876,147.5014587402344,147.11203948974608,148.1089969889323,148.94457438151042,147.6475517272949,143.17715293884277,142.09705268012152,0.9478535045685632,1.8713754268975036,0.7645589403640018,-2.1709664576633068,,,-9999.0,2
231,150.50765380859374,148.48156005859374,147.33814575195314,148.03783223470055,149.00488220214845,147.67707888793944,143.29121318393283,142.14829914516875,1.3506974073984823,3.340293799376215,1.558784220086884,-1.2467761458061752,,,-9999.0,2
232,150.8014678955078,149.05360107421876,147.59355407714844,147.97982767740888,149.08009750366213,147.70975604248045,143.41011479695638,142.19962184058295,0.19521537907150055,1.9324864936404618,1.7534643713161158,-0.985398487235126,,,-9999.0,2
233,150.91092529296876,149.56587402343752,148.1138165283203,147.90429748535155,149.14804784138997,147.74199038696287,143.53662479824487,142.24953228844538,0.07258377454044673,1.7290838924283847,3.5387824840775406,-1.3292430320610924,,,-9999.0,2
234,150.62401123046874,150.26918029785156,148.6130841064453,147.8201281738281,149.21414632161458,147.77373809814452,143.67634876675078,142.2922850587633,-0.19012146532334517,2.3762286002556476,3.4014825338076204,-1.501254396578314,,,-9999.0,2
235,151.7224548339844,150.91330261230468,149.20738067626954,147.78927642822265,149.30290649414061,147.81936532592772,143.83143046061198,142.34385945214166,0.7292619513597609,2.1576370470468453,4.0290124739443485,-0.4448057984429963,,,-9999.0,2
236,152.67364807128905,151.34650146484375,149.91403076171875,147.81925638834633,149.38478342692056,147.8747071838379,144.01427268981934,142.39759493086075,0.6269297701157361,1.4338694097640992,4.774163209140314,0.7545244573294165,,,-9999.0,2
237,152.6985626220703,151.72592041015622,150.3897607421875,147.88651397705078,149.4602274576823,147.91885971069337,144.18348240322536,142.4472365612454,0.016318828492023485,1.254972859184622,3.187459352825084,1.4912647749193289,,,-9999.0,2
238,151.5801788330078,151.85977111816405,150.7128225708008,147.97991068522137,149.4939043680827,147.94785470581056,144.33618370903864,142.4947473271688,-0.732412781009939,0.44997630363423635,2.179060196062621,2.0214925769271943,,,-9999.0,2
239,151.7802520751953,152.0910192871094,151.18009979248046,148.21154123942054,149.5296178181966,147.9827734680176,144.48003398471408,142.54002981821694,0.13199169161022262,0.7720894605678041,3.148318060823452,4.806386427819506,,,-9999.0,2
240,90.56576690673828,90.99122192382812,91.06861572265625,90.08304092407226,88.19501558939615,86.72632196044923,84.08867713928223,77.93009902742175,-0.07824455824307908,-0.9970611727321388,0.4143509278573543,2.2016472083758423,,,-9999.0,3
241,91.33057250976563,90.95042236328126,91.14066741943358,90.16576970418295,88.29252718607584,86.7937241821289,84.1630660586887,77.99588837093778,0.8444753786658987,-0.21753249115178397,0.7995883273449689,2.778874772871184,,,-9999.0,3
242,91.65505981445312,91.0090707397461,91.19577499389648,90.24887003580729,88.3953615061442,86.86096397399902,84.23909367031521,78.0613944413927,0.35528881049420313,0.32648542986460916,0.609762663648028,2.7814958153937166,,,-9999.0,3
243,91.4031982421875,91.11825653076173,91.20803436279297,90.31963607788086,88.48169497172037,86.92492036437989,84.31221500820584,78.12632611168756,-0.27479287316543033,0.6039458463549807,0.14110287543849243,2.3741722136999845,,,-9999.0,3
244,90.66164093017578,91.12324768066405,91.14817413330077,90.3533526611328,88.5535812886556,86.97845262145997,84.38145920647516,78.19113594902886,-0.8113034623217996,0.035423295429792834,-0.6478942840003832,1.1485256133908908,,,-9999.0,3
245,90.04610443115234,91.01931518554689,91.00526855468749,90.37254577636719,88.60327809651693,87.02550616455079,84.44516048855252,78.25462699890137,-0.6789381845597742,-0.5652703308869023,-1.562331503619041,0.6701810381779385,,,-9999.0,3
246,90.08931274414063,90.77106323242188,90.86074279785156,90.40547643025715,88.64676516215007,87.07523706054688,84.50992407057021,78.31883509318034,0.04798465548425668,-1.3617610540685443,-1.5792935452203283,1.130501185361096,,,-9999.0,3
247,90.63225402832032,90.5665020751953,90.78778640747069,90.45827662150064,88.70633046468099,87.13210400390625,84.57708561367458,78.38570821762085,0.6026700256019035,-1.114379838960844,-0.7878944090962348,1.792816559436702,,,-9999.0,3
248,90.50560607910157,90.38698364257813,90.75262008666992,90.4942227681478,88.78034624735514,87.18752714538576,84.64654055277506,78.45321756150987,-0.13973827593339871,-0.9793252417288123,-0.3753793953738316,1.2274962019407667,,,-9999.0,3
249,91.16224060058593,90.48710357666015,90.80517562866211,90.55882044474284,88.8667446645101,87.24979541015624,84.72027546352811,78.5204145473904,0.7255180644947679,0.5574962850877552,0.592919580517548,2.1799153969211917,,,-9999.0,3
250,91.64764251708985,90.80741119384767,90.91336318969726,90.62887481689452,88.96296320597331,87.31608203125,84.79923032124837,78.58844533072578,0.5324593969016522,1.7688938665491816,1.2036235356622793,2.351821656776251,,,-9999.0,3
251,91.78863983154297,91.14727661132812,90.959169921875,90.725561726888,89.05878031412762,87.38246305847167,84.87596666124132,78.65615708880955,0.1538471809864772,1.874756392051402,0.5129953379828578,3.2404629518303665,,,-9999.0,3
252,92.44045867919922,91.5089175415039,91.0377098083496,90.84003448486328,89.1711413828532,87.44718287658691,84.95392652723525,78.72445550494724,0.7101301956892625,1.982216562138761,0.8678367231779172,3.8175680317247576,,,-9999.0,3
253,92.669873046875,91.9417709350586,91.16437728881837,90.9462069193522,89.29511329650879,87.51310762023927,85.02921095954048,78.79236254162258,0.2481752805575388,2.3701301186296986,1.3908048769008863,3.5282260785667177,,,-9999.0,3
254,93.07847290039062,92.32501739501954,91.40606048583984,91.07054372151694,89.41606096903482,87.58248109436036,85.10373564826118,78.86284434848362,0.4409198373552803,2.085531891490211,2.643028176577966,4.121497297486906,,,-9999.0,3
255,93.21199188232421,92.63788726806641,91.72264923095703,91.18888005574544,89.54036834716797,87.65679267883301,85.18037939283583,78.93648124694823,0.14344775733103887,1.6965202519195977,3.4654141184687792,3.9140343173237193,,,-9999.0,3
256,93.1412353515625,92.90840637207032,92.02784149169922,91.27917617797853,89.67013498942057,87.73588189697266,85.26336613125271,79.01065752877129,-0.07590925730998066,1.4667638136231398,3.341520205674542,2.978841670795104,,,-9999.0,3
257,93.41436614990235,93.10318786621094,92.30605270385743,91.3657351175944,89.80043380737304,87.81415991210937,85.3467197587755,79.0860155720181,0.29324369309566833,1.0498773110295456,3.0320938731683067,2.846080433487982,,,-9999.0,3
258,92.89164428710937,93.1475421142578,92.5446565246582,91.4353515625,89.92907506306965,87.88861111450194,85.43120411343045,79.15736046897041,-0.5595733122613744,0.24212871821063242,2.612258836840331,2.3024148547591685,,,-9999.0,3
259,92.75215454101563,93.08227844238282,92.70364791870118,91.51348225911458,90.06851743062337,87.96403121948242,85.51751381768122,79.22551271226672,-0.15016393257353267,-0.34895505171818053,1.7365768397720305,2.587166773976376,,,-9999.0,3
260,92.6684814453125,92.97357635498047,92.80573181152343,91.59590357462565,90.21467229207357,88.03628604125977,85.60174310472277,79.29249322043525,-0.09021148470047535,-0.5826142937496948,1.113905958169903,2.7318804216895334,,,-9999.0,3
261,92.92703247070312,92.9307357788086,92.91957107543945,91.67313613891602,90.34058494567871,88.1127218170166,85.6850948164198,79.36086415820651,0.2790064338576759,-0.22769860258203822,1.2390652110411016,2.551648876368925,,,-9999.0,3
262,93.00725555419922,92.84931365966797,92.97625076293946,91.73657852172852,90.45613919576009,88.20210774230958,85.76468254937066,79.42997846391465,0.08632911367463247,-0.4346131820030741,0.6152641290264715,2.0928635158524136,,,-9999.0,3
263,93.15923461914062,92.90283172607421,93.02518692016602,91.79919952392578,90.56973045349122,88.29713768005371,85.84328878614637,79.5015183660719,0.16340560103167423,0.28836573128997456,0.530494449500607,2.0624022018399826,,,-9999.0,3
264,93.298388671875,93.0120785522461,93.04717849731445,91.86713770548502,90.68624338785807,88.39800202941895,85.92058591206869,79.56999862035116,0.14937225848117297,0.5879019223446802,0.23894687062649966,2.2340807632040796,,,-9999.0,3
265,92.65903778076172,93.01018981933593,92.9918830871582,91.90660029093425,90.7803096516927,88.49054455566407,85.99530782063802,79.63573493321736,-0.6852753838673897,-0.007161976822234184,-0.5897762705719289,1.3133063442778061,,,-9999.0,3
266,92.92270050048828,93.00932342529298,92.97002960205077,91.95287129720053,90.86992561340331,88.58776824951173,86.06924177381727,79.70112926483155,0.28455154083339984,-0.001616869846510216,-0.22931547242854844,1.532911188025662,,,-9999.0,3
267,93.63853912353515,93.13558013916015,92.99244689941406,92.02876200358072,90.95688550313314,88.68823612976074,86.14605800204806,79.76864750332302,0.7703592547260385,0.6824132712048958,0.24780008920182173,2.4919995532738906,,,-9999.0,3
268,93.59031372070312,93.22179595947264,93.06231384277343,92.11986348470052,91.04095314025878,88.78371932983399,86.22473172505696,79.83565913306342,-0.05150166083690566,0.4675060093363159,0.7558717406262905,2.992751182092787,,,-9999.0,3
269,93.39568634033203,93.24125549316406,93.12666702270508,92.21183019002278,91.1148710378011,88.87681666564941,86.30070036146375,79.90210875617133,-0.20795675602915953,0.11017699482598342,0.6980789171706636,3.027575337460239,,,-9999.0,3
270,53.27204284667969,52.94209365844726,52.36991195678711,51.612236658732094,50.171688156127935,47.94507823181152,44.2271880001492,48.52235983742608,0.6273681118897034,1.5872023407273534,5.676382940513514,8.224305682242612,,,-9999.0,4
271,53.23154907226562,53.1400634765625,52.56848640441895,51.72470314025879,50.26825028737387,48.03569879913331,44.30226962619358,48.481908760070795,-0.07601318111755129,1.8926447601617076,3.82683577492663,6.676893180038931,,,-9999.0,4
272,52.87499084472656,53.103226318359376,52.721681137084964,51.813185373942055,50.360322265624994,48.110808029174805,44.37416308085124,48.43983655929565,-0.669825007450009,-0.34197743868762664,2.9672607520639613,5.279055716937904,,,-9999.0,4
273,52.867559814453124,53.03721145629883,52.82059936523437,51.88768127441406,50.45510854085286,48.1832212600708,44.44601493411594,48.399342761569564,-0.0140539603973866,-0.6169805841132718,1.9105455503161126,4.444303494959386,,,-9999.0,4
274,52.79775772094727,53.008780059814455,52.892406768798836,51.94970438639323,50.53735542297363,48.25969733428955,44.51140799628364,48.360473505655925,-0.13203199419613565,-0.2645560312713817,1.390478767992965,3.711115203199774,,,-9999.0,4
275,52.240377044677736,52.802446899414065,52.87227027893066,51.993992233276366,50.610766576131184,48.32799342346191,44.57125129699707,48.320946466657844,-1.055690052625835,-1.9476141957869202,-0.3604118550595605,2.7051388977363664,,,-9999.0,4
276,51.9038948059082,52.53691604614257,52.838489761352534,52.01281458536784,50.668469263712566,48.38996752166748,44.63601512908936,48.28232293658786,-0.644103771459692,-2.515704786129061,-0.6230600259673471,1.2213808712357186,,,-9999.0,4
277,50.8783561706543,52.137589111328126,52.62040771484375,51.976384862264,50.70564103444418,48.44533264160156,44.69780700259738,48.240536844465474,-1.9758413874119585,-3.8217211660910104,-4.163698604778631,-1.9855340859909067,,,-9999.0,4
278,51.240264129638675,51.812129974365234,52.424670715332034,51.9428839111328,50.74813041687012,48.501539939880374,44.76290201822917,48.198585753970676,0.7113200705040068,-3.096347135189617,-3.7133277193028826,-1.8015148040364228,,,-9999.0,4
279,50.627845001220706,51.37814743041993,52.193463745117185,51.88827679951986,50.78241021474203,48.55141354370117,44.823473688761396,48.15388553831312,-1.1951912013344446,-4.159506342327926,-4.424062373599302,-3.0364525260170008,,,-9999.0,4
280,50.36432800292969,51.00293762207031,51.902692260742185,51.83421694437663,50.80491001129151,48.59680745697021,44.89194055345323,48.10770632002089,-0.5204981533080577,-3.6243144430101486,-5.571928638797063,-3.0213551107625394,,,-9999.0,4
281,50.38679656982422,50.69951797485352,51.61821701049805,51.76727083841959,50.82993671417236,48.644102539062494,44.961868334876165,48.06298614290025,0.044612065295934755,-2.935598606254522,-5.451303392383577,-3.763599349671413,,,-9999.0,4
282,50.919226837158206,50.7076921081543,51.42264060974121,51.72425071716309,50.870525690714516,48.703784240722655,45.03581083933512,48.0204452472263,1.0566860836174863,0.09692886477492291,-3.724792301316081,-2.3531607365823195,,,-9999.0,4
283,51.41711349487305,50.74306198120117,51.27759597778321,51.72528297424317,50.91608350118001,48.77327674102783,45.11751119613647,47.9795502281189,0.9777969710873746,0.3634057653582907,-2.73294136983132,0.20227915134910157,,,-9999.0,4
284,51.66355438232422,50.950203857421876,51.1641756439209,51.75067990620931,50.95878536224365,48.84908889770508,45.20299481709798,47.93705308702257,0.4792973986681437,2.037894365360879,-2.1216119769670407,1.624436442996687,,,-9999.0,4
285,52.66950454711914,51.41123916625977,51.20708839416504,51.79145225524903,51.02166957855225,48.933243659973144,45.293184519873726,47.89993658065796,1.9471176089639775,4.505510127632914,0.8811956846227718,2.5014753985948732,,,-9999.0,4
286,52.926709747314455,51.919221801757814,51.30936988830566,51.83001235961913,51.10905068715413,49.01664057922364,45.38364372253418,47.86506918377347,0.4883379906587493,4.949236052995729,2.013637446741213,2.3608617912531735,,,-9999.0,4
287,53.27959060668945,52.39129455566406,51.54949333190918,51.88940368652344,51.19866364796956,49.11369372558595,45.47728762520684,47.832024974823,0.6667349265800704,4.559284895958313,4.656213760733242,3.553106293632254,,,-9999.0,4
288,52.90621109008789,52.689114074707035,51.71608802795411,51.9667360941569,51.278243497212735,49.21081307983399,45.57464576297336,47.79962863286336,-0.700792765766256,2.880695159104682,3.244100924462979,4.622507670578344,,,-9999.0,4
289,52.87950439453125,52.93230407714843,51.941253967285164,52.07090115865071,51.347235158284505,49.30538215637207,45.67949783325196,47.76755813386705,-0.05047931992552268,2.3509184405110157,4.388812805871901,6.216124492394256,,,-9999.0,4
290,53.63254165649414,53.12491149902344,52.2680753326416,52.180226516723636,51.4139512125651,49.403246284484865,45.79091844346788,47.736007262335875,1.4240626317987282,1.8278634633457664,6.333373590978686,6.4378278926951324,,,-9999.0,4
291,53.718160247802736,53.28320159912109,52.60121170043946,52.262638371785485,51.47590806325277,49.49801020812989,45.90038233015272,47.70400306489733,0.15963925755555497,1.4991647302425721,6.448400783238307,4.823933165781355,,,-9999.0,4
292,53.75374908447266,53.378033294677735,52.8846639251709,52.34299522399902,51.53705883026123,49.59000796508789,46.015916389889185,47.67199198404948,0.0662510341116418,0.8986808377741435,5.457965733732462,4.700434184480336,,,-9999.0,4
293,53.099518585205075,53.416694793701176,53.05290443420411,52.38369992574056,51.5897454961141,49.67611807250977,46.129180153740776,47.640201047261556,-1.2170881294986113,0.38238547404178824,3.263080633146476,2.440684813631263,,,-9999.0,4
294,52.79826965332031,53.400447845458984,53.16637596130371,52.40765279134114,51.637332649230956,49.75708486938476,46.24229610655043,47.607598328060575,-0.5673289323732233,-0.13446413840591243,2.2164543021051095,1.4853210931310277,,,-9999.0,4
295,53.53245391845703,53.38043029785156,53.2526708984375,52.44400985717774,51.692862599690756,49.85554006958007,46.352174282073975,47.579108526441786,1.390546072735832,-0.1679806974688085,1.6598827658769642,2.180666595440169,,,-9999.0,4
296,53.456868743896486,53.32817199707031,53.3056867980957,52.484515482584634,51.75779568990072,49.95881063842773,46.45715201271905,47.55088928858439,-0.14119504903638003,-0.4688150040607435,1.0303497261818348,2.4209271469556946,,,-9999.0,4
297,53.656132507324216,53.308648681640626,53.343340988159184,52.504414011637365,51.835848019917805,50.06771768951417,46.55940704769558,47.52506499608357,0.3727561454868855,-0.16230989268549978,0.73637094508865,1.2288861010432548,,,-9999.0,4
298,52.645459747314455,53.2178369140625,53.317265853881835,52.48600819905599,51.90778095245362,50.17033376312256,46.65120796415541,47.49529110802544,-1.883610899223498,-0.8288326624103863,-0.4464471883685919,-0.9156739832085017,,,-9999.0,4
299,52.84990005493164,53.22816299438476,53.31430541992188,52.483007710774736,51.97866461435954,50.273530616760254,46.7427063730028,47.469821080101866,0.38833416708381474,0.12683043704665176,-0.007633701359254452,-0.04288326908666118,,,-9999.0,4
